{"cameraMode":{"drawMode":0,"name":"Shaded","section":"Shading Mode"},"sceneLighting":true,"audioPlay":false,"sceneViewState":{"m_AlwaysRefresh":false,"showFog":true,"showSkybox":true,"showFlares":true,"showImageEffects":true,"showParticleSystems":true,"showVisualEffectGraphs":true,"m_FxEnabled":true},"in2DMode":false,"pivot":{"x":-1.9706635475158692,"y":4.463438987731934,"z":-0.40532028675079348},"rotation":{"x":0.4032284915447235,"y":0.35006433725357058,"z":-0.17043009400367738,"w":0.8281769752502441},"size":1.5648226737976075,"orthographic":false}